sent_nr	pmb_id
1	d0349_p30
2	d0349_p31
3	d0349_p32
4	d0349_p33
5	d0349_p34
6	d0349_p35
7	d0349_p36
8	d0349_p37
9	d0349_p38
10	d0349_p39
11	d0349_p40
12	d0349_p41
13	d0349_p42
14	d0349_p43
15	d0349_p44
16	d0349_p45
17	d0349_p46
18	d0349_p47
19	d0349_p48
20	d0349_p49
21	d0349_p51
22	d0349_p52
23	d0349_p53
24	d0349_p54
25	d0349_p55
26	d0349_p56
27	d0349_p57
28	d0349_p59
29	d0349_p60
30	d0349_p61
31	d0349_p62
32	d0349_p63
33	d0349_p64
34	d0349_p65
35	d0349_p66
36	d0349_p67
37	d0349_p68
38	d0349_p69
39	d0349_p70
40	d0349_p71
41	d0349_p72
42	d0349_p73
43	d0349_p74
44	d0349_p75
45	d0349_p76
46	d0349_p77
47	d0349_p78
48	d0349_p79
49	d0349_p80
50	d0349_p81
51	d0349_p82
52	d0349_p83
53	d0349_p84
54	d0349_p85
55	d0349_p86
56	d0349_p87
57	d0349_p88
58	d0349_p89
59	d0349_p90
60	d0349_p91
61	d0349_p92
62	d0349_p93
63	d0349_p94
64	d0349_p95
65	d0349_p96
66	d0349_p97
67	d0349_p98
68	d0349_p99
69	d0350_p00
70	d0350_p01
71	d0350_p02
72	d0350_p03
73	d0350_p04
74	d0350_p05
75	d0350_p06
76	d0350_p07
77	d0350_p08
78	d0350_p09
79	d0350_p10
80	d0350_p11
81	d0350_p12
82	d0350_p13
83	d0350_p14
84	d0350_p15
85	d0350_p16
86	d0350_p17
87	d0350_p18
88	d0350_p19
89	d0350_p20
90	d0350_p21
91	d0350_p22
92	d0350_p23
93	d0350_p24
94	d0350_p25
95	d0350_p26
96	d0350_p27
97	d0350_p28
98	d0350_p29
99	d0350_p30
100	d0350_p31
101	d0350_p32
102	d0350_p33
103	d0350_p34
104	d0350_p35
105	d0350_p36
106	d0350_p37
107	d0350_p38
108	d0350_p39
109	d0350_p40
110	d0350_p41
111	d0350_p42
112	d0350_p43
113	d0350_p44
114	d0350_p45
115	d0350_p46
116	d0350_p47
117	d0350_p48
118	d0350_p49
119	d0350_p50
120	d0350_p51
121	d0350_p52
122	d0350_p53
123	d0350_p54
124	d0350_p55
125	d0350_p56
126	d0350_p57
127	d0350_p58
128	d0350_p59
129	d0350_p60
130	d0350_p61
131	d0350_p62
132	d0350_p63
133	d0350_p64
134	d0350_p65
135	d0350_p66
136	d0350_p67
137	d0350_p68
138	d0350_p69
139	d0350_p70
140	d0350_p71
141	d0350_p72
142	d0350_p73
143	d0350_p74
144	d0350_p75
145	d0350_p76
146	d0350_p77
147	d0350_p78
148	d0350_p79
149	d0350_p80
150	d0350_p81
151	d0350_p82
152	d0350_p83
154	d0350_p84
155	d0350_p85
156	d0350_p86
157	d0350_p87
158	d0350_p88
159	d0350_p89
160	d0350_p91
161	d0350_p92
162	d0350_p93
163	d0350_p94
164	d0350_p95
165	d0350_p96
166	d0350_p97
169	d0350_p98
170	d0350_p99
172	d0351_p00
173	d0351_p01
174	d0351_p02
175	d0351_p03
176	d0351_p04
177	d0351_p05
178	d0351_p06
179	d0351_p07
181	d0351_p08
182	d0351_p09
183	d0351_p10
185	d0351_p11
186	d0351_p12
187	d0351_p13
188	d0351_p14
189	d0351_p15
190	d0351_p16
192	d0351_p17
193	d0351_p18
194	d0351_p19
195	d0351_p20
197	d0351_p21
198	d0351_p22
199	d0351_p24
201	d0351_p25
202	d0351_p26
209	d0351_p27
210	d0351_p28
211	d0351_p29
221	d0351_p30
226	d0351_p31
227	d0351_p32
228	d0351_p33
230	d0351_p34
235	d0351_p35
239	d0351_p36
241	d0351_p37
246	d0351_p38
153	d0351_p51
167	d0351_p52
168	d0351_p53
171	d0351_p54
180	d0351_p55
184	d0351_p56
191	d0351_p57
196	d0351_p58
200	d0351_p59
203	d0351_p60
204	d0351_p61
205	d0351_p62
206	d0351_p63
207	d0351_p64
208	d0351_p65
212	d0351_p66
213	d0351_p67
214	d0351_p68
215	d0351_p69
216	d0351_p70
217	d0351_p71
218	d0351_p72
219	d0351_p73
220	d0351_p74
222	d0351_p75
223	d0351_p76
224	d0351_p77
225	d0351_p78
229	d0351_p79
231	d0351_p80
232	d0351_p81
233	d0351_p82
234	d0351_p83
236	d0351_p84
237	d0351_p85
238	d0351_p86
240	d0351_p87
242	d0351_p88
243	d0351_p89
244	d0351_p90
245	d0351_p91
247	d0351_p92
248	d0351_p93
249	d0351_p94
250	d0351_p95
251	d0351_p96
252	d0351_p97
253	d0351_p98
254	d0351_p99
255	d0352_p00
256	d0352_p01
257	d0352_p02
258	d0352_p03
259	d0352_p04
260	d0352_p05
261	d0352_p06
262	d0352_p07
263	d0352_p08
264	d0352_p09
265	d0352_p10
266	d0352_p11
267	d0352_p12
268	d0352_p13
269	d0352_p14
270	d0352_p15
271	d0352_p16
272	d0352_p17
273	d0352_p18
274	d0352_p19
275	d0352_p20
276	d0352_p21
277	d0352_p22
278	d0352_p23
279	d0352_p24
280	d0352_p25
281	d0352_p26
282	d0352_p27
283	d0352_p28
284	d0352_p29
285	d0352_p30
286	d0352_p31
287	d0352_p32
288	d0352_p33
289	d0352_p34
290	d0352_p35
291	d0352_p36
292	d0352_p37
293	d0352_p38
294	d0352_p39
295	d0352_p40
296	d0352_p41
297	d0352_p42
298	d0352_p43
299	d0352_p44
300	d0352_p45
301	d0352_p46
302	d0352_p47
303	d0352_p49
304	d0352_p50
305	d0352_p51
306	d0352_p52
307	d0352_p53
308	d0352_p54
309	d0352_p55
310	d0352_p56
311	d0352_p57
312	d0352_p58
313	d0352_p59
314	d0352_p60
315	d0352_p61
316	d0352_p62
317	d0352_p63
318	d0352_p64
319	d0352_p65
320	d0352_p66
321	d0352_p67
322	d0352_p68
323	d0352_p69
324	d0352_p70
325	d0352_p71
326	d0352_p72
327	d0352_p73
328	d0352_p74
329	d0352_p75
330	d0352_p76
331	d0352_p77
332	d0352_p78
333	d0352_p79
334	d0352_p80
335	d0352_p81
336	d0352_p82
337	d0352_p83
338	d0352_p84
339	d0352_p85
340	d0352_p86
341	d0352_p87
342	d0352_p88
343	d0352_p89
344	d0352_p90
345	d0352_p91
346	d0352_p92
347	d0352_p93
348	d0352_p94
349	d0352_p95
350	d0352_p96
351	d0352_p97
352	d0352_p98
353	d0352_p99
354	d0353_p00
355	d0353_p01
356	d0353_p02
357	d0353_p03
358	d0353_p04
359	d0353_p05
360	d0353_p06
361	d0353_p07
